,x,y,label
BJ8001,10.0627575,13.762029,up_right
BJ8002,1.6833014,8.879475,up_left
BJ8004,3.5271363,9.713984,down_left
BJ8005,9.970639,13.969393,up_right
BJ8008,3.5217085,11.556612,down_left
BJ8009,0.7701185,10.437981,up_left
BJ8011,4.154357,8.332007,down_left
BJ8012,1.259634,8.102308,up_left
BJ8013,4.213969,8.683065,down_left
BJ8014,10.231698,13.236715,up_right
BJ8015,3.9846432,8.409682,down_left
BJ8017,1.253116,11.267346,up_left
BJ8018,9.643476,14.074017,up_right
BJ8019,3.127299,12.099558,down_left
BJ8022,10.019219,14.09633,up_right
BJ8023,1.9190106,11.531836,up_left
BJ8024,6.7769246,12.414638,down_right
BJ8025,3.8541698,9.222777,down_left
BJ8026,8.860182,15.495313,up_right
BJ8027,9.134481,15.698017,up_right
BJ8028,6.712642,14.729199,down_right
BJ8029,1.3542465,11.5674715,up_left
BJ8030,10.270167,12.728019,up_right
BJ8031,3.0891623,12.062957,down_left
BJ8033,1.3492914,11.326328,up_left
BJ8034,1.4343709,11.690312,up_left
BJ8035,8.750546,15.794428,up_right
BJ8036,7.3774095,14.928618,down_right
BJ8037,7.9497848,15.322226,down_right
BJ8038,4.015546,9.764385,down_left
BJ8039,1.6774133,11.894089,up_left
BJ8040,3.0990846,12.09709,down_left
BJ8041,3.9055686,10.97532,down_left
BJ8042,7.011424,13.3773365,down_right
BJ8043,9.968063,14.361346,up_right
BJ8045,6.312001,12.661318,down_right
BJ8046,8.820113,15.121849,up_right
BJ8047,1.2415564,9.779707,up_left
BJ8048,9.839019,14.65906,up_right
BJ8049,1.6678795,8.898747,up_left
BJ8050,0.76346815,10.728721,up_left
BJ8051,9.945504,14.2289295,up_right
BJ8052,3.1156433,11.68921,down_left
BJ8053,4.2729535,8.207034,down_left
BJ8054,0.8853387,9.903862,up_left
BJ8055,5.996865,13.773634,down_right
BJ8057,6.665857,13.159228,down_right
BJ8058,3.544929,11.092896,down_left
BJ8059,1.0877798,9.901574,up_left
BJ8060,7.0726705,14.951207,down_right
BJ8061,6.8404884,13.156301,down_right
BJ8062,6.661686,14.249722,down_right
BJ8063,3.7756574,10.243399,down_left
BJ8064,4.012083,8.644904,down_left
BJ8065,3.7794313,9.438839,down_left
BJ8066,1.0213294,8.792725,up_left
BJ8067,4.1864843,9.734777,down_left
BJ8068,1.7866275,11.927235,up_left
BJ8069,9.889152,13.291954,up_right
BJ8071,0.96717376,10.687487,up_left
BJ8072,10.122257,14.003301,up_right
BJ8074,8.591031,14.943396,up_right
BJ8075,6.692292,12.165753,down_right
BJ8077,7.0495515,12.553353,down_right
BJ8078,10.607312,12.498213,up_right
BJ8079,10.143644,13.8260355,up_right
BJ8080,4.0449686,10.106416,down_left
BJ8081,6.9919434,14.667523,down_right
BJ8082,1.3582815,10.250984,up_left
BJ8083,2.9611108,10.886833,down_left
BJ8085,9.573026,14.996457,up_right
BJ8086,1.0642802,9.4290905,up_left
BJ8087,1.7229624,10.392377,up_left
BJ8088,6.695434,14.520172,down_right
BJ8089,10.251385,13.379996,up_right
BJ8090,8.6846485,15.663183,up_right
BJ8091,1.1447043,8.621512,up_left
BJ8092,3.9271016,10.034478,down_left
BJ8093,6.2921,13.815043,down_right
BJ8094,1.0153635,8.537291,up_left
BJ8095,7.202634,15.154737,down_right
BJ8096,8.879237,15.730565,up_right
BJ8097,9.838179,13.31716,up_right
BJ8098,10.100832,13.735084,up_right
BJ8099,0.84610707,9.966733,up_left
BJ8100,0.8341336,8.554668,up_left
BJ8102,3.881573,11.476972,down_left
BJ8103,9.970475,13.80354,up_right
BJ8104,3.6436188,12.399311,down_left
BJ8105,9.257092,15.482518,up_right
BJ8106,9.39258,14.088743,up_right
BJ8107,1.3560103,11.737203,up_left
BJ8108,7.062325,15.195701,down_right
BJ8109,3.6997566,11.8002405,down_left
BJ8110,7.398513,15.050005,down_right
BJ8111,3.7988334,10.312308,down_left
BJ8112,6.854341,11.910126,down_right
BJ8114,1.5548054,8.658341,up_left
BJ8115,6.8738885,15.06094,down_right
BJ8116,8.390334,15.24988,up_right
BJ8117,1.1564509,11.138021,up_left
BJ8118,1.1308216,10.783647,up_left
BJ8119,6.6569996,14.208998,down_right
BJ8120,6.7166905,14.301296,down_right
BJ8121,6.7207675,15.077229,down_right
BJ8122,3.3799317,11.208801,down_left
BJ8124,10.515384,12.434163,up_right
BJ8125,7.1215878,12.237949,down_right
BJ8126,6.6822696,13.534146,down_right
BJ8128,7.259617,15.117535,down_right
BJ8129,6.1618733,13.384558,down_right
BJ8131,9.014615,15.3459425,up_right
BJ8132,7.116733,14.851417,down_right
BJ8137,10.095885,12.048814,up_right
BJ8138,3.609522,11.266639,down_left
BJ8139,6.558078,13.943193,down_right
BJ8140,9.557074,14.93757,up_right
BJ8141,1.4597051,11.808861,up_left
BJ8142,6.691035,14.155593,down_right
BJ8147,8.961499,15.670035,up_right
BJ8149,6.8984933,15.210773,down_right
BJ8150,3.3394585,12.479816,down_left
BJ8152,8.739575,15.920252,up_right
BJ8154,3.381974,11.4869375,down_left
BJ8155,7.020927,15.477036,down_right
BJ8156,3.3528788,11.800216,down_left
BJ8158,10.496194,13.840951,up_right
BJ8159,8.688616,14.320239,down_right
BJ8160,9.25778,15.520261,up_right
BJ8161,3.4467602,10.4243965,down_left
BJ8163,3.884427,11.81056,down_left
BJ8164,0.9769966,10.746014,up_left
BJ8165,0.9588742,10.722699,up_left
BJ8166,9.1862755,15.505863,up_right
BJ8168,1.6059796,11.624027,up_left
BJ8169,6.6539836,13.082391,down_right
BJ8171,3.179814,12.078954,down_left
BJ8172,2.1586459,9.063333,up_left
BJ8173,6.544826,13.845213,down_right
BJ8174,3.026526,11.964652,down_left
BJ8175,1.3629844,8.499528,up_left
BJ8176,1.045817,10.764432,up_left
BJ8178,3.788664,10.947913,down_left
BJ8179,3.554469,11.13278,down_left
BJ8180,9.288389,15.162766,up_right
BJ8181,9.532821,14.500446,up_right
BJ8182,8.719306,15.8348465,up_right
BJ8184,6.4408007,14.023226,down_right
BJ8185,6.568388,13.539306,down_right
BJ8187,6.936602,15.312836,down_right
BJ8188,1.3080812,11.629226,up_left
BJ8189,1.4444479,10.359569,up_left
BJ8190,3.85169,10.542555,down_left
BJ8191,9.612846,14.575758,up_right
BJ8192,9.882168,14.282534,up_right
BJ8193,6.709024,14.736847,down_right
BJ8195,9.405565,14.080604,up_right
BJ8196,6.4580092,14.015472,down_right
BJ8197,1.3092012,10.645086,up_left
BJ8198,3.7087674,11.851554,down_left
BJ8199,3.1739042,11.779422,down_left
BJ8200,9.190393,15.493167,up_right
BJ8201,6.8117895,14.93704,down_right
BJ8202,0.8481046,10.251241,up_left
BJ8203,0.8469012,7.6114693,up_left
BJ8204,3.3374949,11.433972,down_left
BJ8206,9.292579,15.442561,up_right
BJ8208,7.135832,14.876594,down_right
BJ8210,10.13461,14.286542,up_right
BJ8211,1.284772,10.627034,up_left
BJ8213,6.8910193,15.177222,down_right
BJ8214,10.235998,14.3518305,up_right
BJ8215,1.0224217,10.342143,up_left
BJ8216,1.328787,11.291748,up_left
BJ8217,3.1853402,12.026809,down_left
BJ8218,8.707861,15.901468,up_right
BJ8220,3.6188064,11.422505,down_left
BJ8221,3.2351813,12.086444,down_left
BJ8222,9.367942,15.303792,up_right
BJ8223,2.8473113,12.021933,down_left
BJ8224,7.089984,13.832746,down_right
BJ8225,3.9373832,8.600261,down_left
BJ8226,1.0607178,11.0315485,up_left
BJ8227,7.0549526,14.687221,down_right
BJ8228,0.89739895,10.766944,up_left
BJ8229,4.037298,12.188614,down_left
BJ8230,9.134143,14.232378,up_right
BJ8231,8.701325,15.86245,up_right
BJ8232,3.0653121,11.940243,down_left
BJ8233,1.3732625,11.71255,up_left
BJ8234,1.4570085,10.559061,up_left
BJ8235,3.0900261,12.1020975,down_left
BJ8236,3.7600381,10.8408,down_left
BJ8240,3.2343974,12.004711,down_left
BJ8241,3.073682,12.178908,down_left
BJ8242,8.991426,15.847543,up_right
BJ8243,7.138387,14.51449,down_right
BJ8244,9.062477,15.46806,up_right
BJ8245,4.358483,12.466318,down_left
BJ8246,7.9289594,13.874202,down_right
BJ8247,1.0797026,11.085844,up_left
BJ8249,10.287312,14.40133,up_right
BJ8250,3.1263652,12.11257,down_left
BJ8251,7.235683,15.368999,down_right
BJ8253,9.345967,15.171211,up_right
BJ8256,2.9578972,11.823324,down_left
BJ8258,9.848634,14.079795,up_right
BJ8259,8.429624,14.091164,down_right
BJ8260,1.1876103,9.268926,up_left
BJ8261,6.8765025,14.790936,down_right
BJ8262,7.1130843,15.02181,down_right
BJ8263,6.92082,15.311585,down_right
BJ8264,1.4599621,11.635107,up_left
BJ8266,1.3865746,9.926083,up_left
BJ8267,6.777475,15.0369835,down_right
BJ8268,6.7382665,15.113486,down_right
BJ8269,1.360472,10.500509,up_left
BJ8271,9.454912,12.978128,up_right
BJ8272,1.0672221,10.505336,up_left
BJ8273,1.409018,11.782948,up_left
BJ8274,7.239473,15.021833,down_right
BJ8275,1.6923265,11.9057665,up_left
BJ8276,8.5945,15.694171,up_right
BJ8277,3.3328085,11.665704,down_left
BJ8279,6.816421,14.127666,down_right
BJ8280,9.4716015,15.107471,up_right
BJ8281,2.98764,11.558788,down_left
BJ8282,3.7017448,11.371473,down_left
BJ8283,1.1468025,11.060075,up_left
BJ8284,1.184073,11.278823,up_left
BJ8285,9.082441,15.687199,up_right
BJ8286,1.46534,11.527687,up_left
BJ8287,3.8535764,11.410917,down_left
BJ8288,4.22052,10.898547,down_left
BJ8289,0.99524343,10.976269,up_left
BJ8291,3.477497,8.111851,down_left
BJ8292,9.43584,15.11142,up_right
BJ8293,3.8443208,11.34795,down_left
BJ8295,7.1581297,14.824143,down_right
BJ8296,2.8819895,9.600037,up_left
BJ8297,8.714363,15.966406,up_right
BJ8300,8.757273,15.610769,up_right
BJ8301,4.047823,10.271206,down_left
BJ8302,1.5422288,10.479333,up_left
BJ8306,6.806437,13.446386,down_right
BJ8307,7.000244,11.910694,down_right
BJ8308,10.098386,12.924555,up_right
BJ8310,9.812188,14.027848,up_right
BJ8311,4.0113935,9.684465,down_left
BJ8316,6.258239,13.199917,down_right
BJ8317,1.2576483,10.177599,up_left
BJ8318,7.15994,11.390504,down_right
BJ8319,7.018482,12.881112,down_right
BJ8320,6.2592955,13.140495,down_right
BJ8322,10.154297,11.978958,up_right
BJ8326,9.680886,14.579236,up_right
BJ8329,3.7232976,10.3166485,down_left
BJ8330,4.17798,9.90698,down_left
BJ8331,1.3759283,8.648316,up_left
BJ8332,7.0673285,11.710616,down_right
BJ8333,0.72603214,8.452608,up_left
BJ8334,1.0422266,8.204734,up_left
BJ8337,7.179475,11.446938,down_right
BJ8338,1.1640875,7.9436774,up_left
BJ8339,0.79459167,8.673044,up_left
BJ8340,1.6279908,8.782598,up_left
BJ8341,4.1639805,8.12876,down_left
BJ8343,10.486936,12.539379,up_right
BJ8344,6.1444025,13.052637,down_right
BJ8345,4.208499,8.860823,down_left
BJ8347,6.914061,12.839836,down_right
BJ8349,7.204975,12.284064,down_right
BJ8350,0.71708775,9.342384,up_left
BJ8351,6.5701375,13.215886,down_right
BJ8352,9.36595,15.038771,up_right
BJ8353,4.2085342,9.858275,down_left
BJ8354,1.3143803,10.094888,up_left
BJ8355,6.652948,13.286555,down_right
BJ8356,6.934685,15.419989,down_right
BJ8357,4.4985557,10.106072,down_left
BJ8358,3.7955093,9.64282,down_left
BJ8359,1.2947385,11.760543,up_left
BJ8361,2.9830382,10.953838,down_left
BJ8363,10.48196,13.554337,up_right
BJ8364,4.2573,8.709321,down_left
BJ8365,1.6594402,9.006986,up_left
BJ8367,0.99586916,9.394518,up_left
BJ8368,7.2540474,13.928194,down_right
BJ8369,9.222236,15.150111,up_right
BJ8371,3.9982197,10.128073,down_left
BJ8373,10.188504,12.007469,up_right
BJ8374,2.9553964,10.053282,up_left
BJ8375,0.83729786,10.562294,up_left
BJ8376,3.7843976,8.888574,down_left
BJ8377,6.9130754,12.485266,down_right
BJ8378,4.3845167,9.667385,down_left
BJ8379,1.3015655,8.500201,up_left
BJ8380,4.4475017,9.253721,down_left
BJ8381,4.2867084,9.722713,down_left
BJ8382,0.98230034,8.8731165,up_left
BJ8383,9.527256,15.358861,up_right
BJ8385,3.9680047,9.028499,down_left
BJ8388,1.3846352,10.082424,up_left
BJ8389,10.463712,13.206201,up_right
BJ8390,9.724574,12.889686,up_right
BJ8391,1.0530123,7.9775934,up_left
BJ8392,0.93138367,10.387769,up_left
BJ8393,6.8177924,13.015235,down_right
BJ8394,1.3998486,9.921711,up_left
BJ8395,6.41337,13.813375,down_right
BJ8398,6.5007815,13.652948,down_right
BJ8399,10.535994,12.3073225,up_right
BJ8401,10.211026,12.261784,up_right
BJ8403,7.5055685,12.129697,down_right
BJ8404,9.583833,13.146561,up_right
BJ8405,6.8713894,13.938288,down_right
BJ8407,9.440557,12.978122,up_right
BJ8408,9.848954,13.101188,up_right
BJ8410,3.9193277,8.115072,down_left
BJ8411,1.8616141,10.24462,up_left
BJ8412,10.088731,13.073826,up_right
BJ8413,6.9763203,12.169854,down_right
BJ8414,4.3715243,8.712979,down_left
BJ8416,10.18504,13.224971,up_right
BJ8417,4.5084863,10.132468,down_left
BJ8418,10.428161,13.169123,up_right
BJ8419,4.267107,8.593606,down_left
BJ8422,7.2285337,11.759659,down_right
BJ8423,6.785869,13.263748,down_right
BJ8424,10.454538,13.004834,up_right
BJ8425,0.9539868,7.419588,up_left
BJ8426,0.8105831,9.981651,up_left
BJ8427,0.93070084,7.5893793,up_left
BJ8429,1.265681,9.893997,up_left
BJ8430,9.632542,14.894783,up_right
BJ8431,3.2413337,11.319246,down_left
BJ8433,1.9557911,8.893794,up_left
BJ8435,4.313964,8.530424,down_left
BJ8436,6.657652,13.606953,down_right
BJ8437,4.22144,9.043179,down_left
BJ8438,6.426544,13.15692,down_right
BJ8439,6.7933955,12.938674,down_right
BJ8441,4.344951,9.723376,down_left
BJ8442,3.338289,10.783649,down_left
BJ8444,3.7453938,8.440836,down_left
BJ8445,7.607558,12.054029,down_right
BJ8446,7.6219845,11.808514,down_right
BJ8447,9.568774,14.9895935,up_right
BJ8449,2.3086054,9.633272,up_left
BJ8450,3.8761277,10.62302,down_left
BJ8452,6.145067,12.71531,down_right
BJ8453,6.7853184,13.863462,down_right
BJ8457,9.943952,11.759308,up_right
BJ8459,1.3743438,10.154357,up_left
BJ8460,3.8505101,9.997151,down_left
BJ8461,10.725886,12.684537,up_right
BJ8462,3.6496282,9.078208,down_left
BJ8463,6.7694397,12.820018,down_right
BJ8464,10.577164,12.438895,up_right
BJ8466,9.971286,13.741133,up_right
BJ8469,3.839662,10.136536,down_left
BJ8470,0.5896832,9.769062,up_left
BJ8471,10.25547,13.004837,up_right
BJ8472,7.1224113,13.54946,down_right
BJ8473,4.3147717,12.424802,down_left
BJ8474,1.4710921,8.680024,up_left
BJ8475,0.83063805,10.491718,up_left
BJ8476,10.103369,13.968802,up_right
BJ8477,10.393399,13.483012,up_right
BJ8478,1.9740773,8.92355,up_left
BJ8480,1.4391692,8.673657,up_left
BJ8481,3.7282155,10.087515,down_left
BJ8482,9.794107,12.912975,up_right
BJ8483,10.345253,13.446494,up_right
BJ8484,9.3116455,14.094594,up_right
BJ8486,4.26451,9.513089,down_left
BJ8487,9.46629,13.554509,up_right
BJ8489,1.0837768,8.927989,up_left
BJ8490,1.3390415,8.484685,up_left
BJ8491,3.8054311,9.598404,down_left
BJ8493,6.1343293,12.475259,down_right
BJ8494,6.7613106,12.79225,down_right
BJ8495,1.3307666,10.164148,up_left
BJ8496,9.358025,14.596024,up_right
BJ9003,10.355931,14.123632,up_right
BJ9004,6.7719636,14.159071,down_right
BJ9006,7.106463,12.092107,down_right
BJ9007,7.161926,11.31808,down_right
BJ9008,1.566234,10.887353,up_left
BJ9009,7.1956763,15.035626,down_right
BJ9010,1.2646195,11.386392,up_left
BJ9011,9.137079,15.64503,up_right
BJ9012,6.695197,14.834086,down_right
BJ9013,8.820211,15.91443,up_right
BJ9014,6.030935,13.717045,down_right
BJ9015,7.028127,15.318861,down_right
BJ9016,9.149096,15.642891,up_right
BJ9017,3.6267774,10.936173,down_left
BJ9018,6.9631267,13.71111,down_right
BJ9019,9.314544,15.555692,up_right
BJ9020,1.2074622,9.889741,up_left
BJ9021,6.6736526,13.305114,down_right
BJ9022,1.3046397,11.601637,up_left
BJ9024,3.1521807,12.0053215,down_left
BJ9025,6.8407927,14.696387,down_right
BJ9026,7.0162835,15.393564,down_right
BJ9027,6.6581774,14.239483,down_right
BJ9028,3.2928114,11.568077,down_left
BJ9029,10.1635065,14.381444,up_right
BJ9030,6.7599006,15.214928,down_right
BJ9031,9.24701,15.558616,up_right
BJ9032,8.669074,15.554979,up_right
BJ9033,1.59183,8.313959,up_left
BJ9034,9.7805805,13.0889635,up_right
BJ9036,0.777095,8.489913,up_left
BJ9038,9.149314,14.09912,up_right
BJ9040,0.9377683,7.415196,up_left
BJ9042,1.0012717,7.2953863,up_left
BJ9043,4.187157,8.357526,down_left
BJ9045,10.354524,12.194935,up_right
BJ9046,4.403903,8.909007,down_left
BJ9048,3.8374214,8.877659,down_left
BJ9049,10.405366,12.234314,up_right
BJ9050,9.072965,14.668056,up_right
BJ9051,9.990401,13.334911,up_right
BJ9056,4.276949,9.677103,down_left
BJ9057,10.159423,14.305981,up_right
BJ9058,8.135684,14.227726,down_right
BJ9059,6.9257145,11.791245,down_right
BJ9060,1.1273175,8.539435,up_left
BJ9061,8.4590025,13.644381,down_right
BJ9063,7.7067337,13.814994,down_right
BJ9064,3.6570554,8.100456,down_left
BJ9066,4.4642296,9.868279,down_left
BJ9067,9.149861,14.874175,up_right
BJ9069,9.235061,14.732258,up_right
BJ9070,7.623864,13.719775,down_right
BJ9071,2.9442503,9.827883,up_left
BJ9072,7.078926,12.0698,down_right
BJ9073,10.207726,12.841065,up_right
BJ9075,8.407878,15.586456,up_right
BJ9076,7.05511,11.488637,down_right
BJ9077,2.886706,10.935997,down_left
BJ9078,7.6334023,14.477132,down_right
BJ9079,10.204723,12.671119,up_right
BJ9080,8.041346,14.366345,down_right
BJ9081,1.4282144,8.567939,up_left
BJ9082,4.2001247,8.254727,down_left
BJ9083,9.363366,14.979801,up_right
BJ9084,3.4999006,8.19153,down_left
BJ9085,7.7546363,13.962031,down_right
BJ9086,8.47437,13.692525,down_right
BJ9087,2.040365,11.322798,up_left
BJ9088,9.160925,15.131358,up_right
BJ9089,3.0232995,10.955635,down_left
BJ9090,0.6913061,8.689797,up_left
BJ9091,1.9071199,9.842188,up_left
BJ9094,3.8336256,8.253587,down_left
BJ9097,1.0737624,11.0517645,up_left
BJ9099,9.778952,12.965001,up_right
BJ9100,3.8733504,7.8166547,down_left
BJ9101,1.6009648,9.826325,up_left
BJ9105,9.874083,12.743775,up_right
BJ9108,2.966362,10.7419,down_left
BJ9109,2.424636,9.685621,up_left
BJ9110,1.511272,10.372227,up_left
BJ9111,10.109493,12.585088,up_right
BJ9112,10.083946,12.1868725,up_right
BJ9113,2.3342054,9.375843,up_left
BJ9114,8.862747,14.605799,up_right
BJ9115,6.9145994,13.707306,down_right
BJ9116,7.232044,13.924577,down_right
BJ9117,6.1485057,12.883215,down_right
BJ9118,10.218215,12.404462,up_right
BJ9119,1.1962926,8.594424,up_left
BJ9121,1.3876121,10.407846,up_left
BJ9122,3.7172854,9.172636,down_left
BJ9123,1.7979714,10.99979,up_left
BJ9124,3.873115,10.797371,down_left
BJ9125,9.239593,14.175767,up_right
BJ9126,0.69183254,10.339249,up_left
BJ9127,4.1647334,9.539611,down_left
BJ9128,7.1956177,14.276145,down_right
BJ9130,7.129077,12.418166,down_right
BJ9132,6.0924406,12.51889,down_right
BJ9133,7.0759864,13.700216,down_right
BJ9135,3.9402764,7.6929936,down_left
BJ9136,0.9413042,8.524133,up_left
BJ9137,2.4890277,9.811801,up_right
BJ9138,3.9230485,10.056993,down_left
BJ9139,7.1638474,11.676896,down_right
BJ9142,3.8163633,9.86301,down_left
BJ9143,4.475559,10.961478,down_left
BJ9145,3.9417443,9.056823,down_left
BJ9148,4.5181713,9.352363,down_left
BJ9149,6.856199,13.474236,down_right
BJ9150,10.503105,13.543735,up_right
BJ9151,0.89963317,7.555581,up_left
BJ9152,7.1263113,12.465617,down_right
BJ9154,3.9832463,9.296695,down_left
BJ9155,6.77229,12.984855,down_right
BJ9156,1.1093862,9.589774,up_left
BJ9157,1.6252369,9.025927,up_left
BJ9158,10.641667,12.3973055,up_right
BJ9159,4.5765433,10.153641,down_left
BJ9160,2.8524892,10.890157,down_left
BJ9165,6.7967834,13.391015,down_right
BJ9171,10.790999,12.656836,up_right
BJ9173,7.606729,13.429894,down_right
BJ9174,7.1276803,12.620024,down_right
BJ9176,1.6965292,9.04865,up_left
BJ9177,10.817118,12.533537,up_right
BJ9178,9.768706,13.932371,up_right
BJ9179,10.598367,12.30589,up_right
BJ9180,10.612397,12.919892,up_right
BJ9181,3.97767,8.668639,down_left
BJ9183,3.4963727,12.325015,down_left
BJ9187,3.9815161,8.730022,down_left
BJ9188,7.1679215,11.267768,down_right
BJ9190,4.031393,7.996959,down_left
BJ9191,10.733719,12.40056,up_right
BJ9192,2.2143693,9.796348,up_left
BJ9193,8.808161,15.106047,up_right
BJ9195,7.9808774,14.025245,down_right
BJ9196,7.86974,13.627602,down_right
BJ9197,4.002103,11.937197,down_left
BJ9200,9.6832695,11.476363,up_right
BJ9201,7.068065,11.901079,down_right
BJ9202,1.0822214,8.1421995,up_left
BJ9203,0.83352643,9.759202,up_left
BJ9204,9.187899,14.114283,up_right
BJ9206,1.1233141,8.213301,up_left
BJ9207,0.88672686,10.053568,up_left
BJ9209,1.1475514,8.970287,up_left
BJ9214,3.85416,9.431679,down_left
BJ9215,7.6832385,14.203352,down_right
BJ9216,9.45933,14.800745,up_right
BJ9217,9.475578,15.011672,up_right
BJ9218,1.0882227,8.241016,up_left
BJ9220,8.348925,13.40759,down_right
BJ9223,0.7477435,10.233951,up_left
BJ9224,10.715788,12.619596,up_right
BJ9225,7.234471,12.284686,down_right
BJ9226,4.2588396,8.967115,down_left
BJ9229,3.8652277,9.54376,down_left
BJ9230,8.880934,15.028773,up_right
BJ9231,7.5480943,13.729177,down_right
BJ9232,7.039388,12.196227,down_right
BJ9235,9.8941965,12.642258,up_right
BJ9236,2.684967,9.447091,up_left
BJ9237,6.9898896,12.2740755,down_right
BJ9238,2.05223,8.397428,up_left
BJ9239,1.1966518,11.842212,up_left
BJ9240,3.9727235,7.741241,down_left
BJ9243,3.8363504,7.845698,down_left
BJ9245,4.2236075,9.117801,down_left
BJ9247,4.7295465,10.256292,down_left
BJ9248,10.336713,12.540758,up_right
BJ9249,8.164966,14.184415,down_right
BJ9250,6.8580112,14.3492565,down_right
BJ9252,7.157511,11.442416,down_right
BJ9254,9.253638,13.155636,up_right
BJ9256,0.6828291,8.384182,up_left
BJ9261,7.3199954,13.768121,down_right
BJ9262,0.96362674,7.468364,up_left
BJ9263,0.8778536,7.523526,up_left
BJ9264,3.7794282,11.252895,down_left
BJ9265,7.1094103,12.02701,down_right
BJ9266,4.1537747,11.077461,down_left
BJ9267,7.063394,11.950771,down_right
BJ9268,4.3404717,10.8980465,down_left
BJ9269,4.6739855,10.780306,down_left
BJ9271,1.1374404,8.115543,up_left
BJ9272,1.4415293,10.32793,up_left
BJ9273,9.972038,12.976005,up_right
BJ9274,9.984991,12.753202,up_right
BJ9275,10.584566,12.300752,up_right
BJ9277,4.8360085,10.42177,down_left
BJ9278,8.082708,13.416536,down_right
BJ9279,7.0223966,12.069893,down_right
BJ9280,7.2009244,11.948007,down_right
BJ9282,6.7521787,11.987219,down_right
BJ9283,2.3696077,10.0648,up_left
BJ9286,10.458477,12.294371,up_right
BJ9288,10.534029,12.541823,up_right
BJ9289,8.424965,13.619797,down_right
BJ9294,1.7648909,10.989162,up_left
BJ9297,4.101689,8.352364,down_left
BJ9298,8.492757,13.718679,down_right
BJ9299,9.926295,12.612011,up_right
BJ9300,8.059688,13.363489,down_right
BJ9301,7.540354,14.02224,down_right
BJ9303,3.7690215,8.179361,down_left
BJ9304,1.0264494,8.523321,up_left
BJ9305,10.304118,13.920696,up_right
BJ9308,7.083935,11.450448,down_right
BJ9311,8.341324,14.0991535,down_right
BJ9312,1.2324808,8.877854,up_left
BJ9313,10.214635,13.953697,up_right
BJ9314,0.93583286,7.6106734,up_left
BJ9315,1.3348941,10.043026,up_left
BJ9316,7.033861,14.128964,down_right
BJ9318,1.0595868,8.837959,up_left
BJ9320,7.2205267,12.3625965,down_right
BJ9322,10.138764,14.173515,up_right
BJ9323,6.9976296,14.086915,down_right
BJ9324,6.207178,13.734834,down_right
BJ9326,10.837419,12.559977,up_right
BJ9328,9.547544,15.396879,up_right
BJ9329,7.174606,12.8138485,down_right
BJ9331,9.25342,15.109541,up_right
BJ9332,2.7585738,9.220335,up_left
BJ9335,9.366305,13.5946045,up_right
BJ9342,1.0666069,7.29541,up_left
BJ9343,10.68526,12.335373,up_right
BJ9345,1.0341637,10.328608,up_left
BJ9346,4.3627996,8.8646145,down_left
BJ9347,7.991359,13.43831,down_right
BJ9349,0.9793755,8.1928835,up_left
BJ9350,10.084454,12.72932,up_right
BJ9351,0.62355375,9.084237,up_left
BJ9355,3.7610385,9.288677,down_left
BJ9357,3.7942805,9.477803,down_left
BJ9362,0.899463,7.4115644,up_left
BJ9363,1.0758126,8.3066635,up_left
BJ9364,0.7869981,9.437906,up_left
BJ9365,4.1691194,9.499825,down_left
BJ9366,7.3323555,11.810193,down_right
BJ9367,7.0755153,11.596323,down_right
BJ9368,1.6652721,8.594151,up_left
BJ9372,8.16827,13.323874,down_right
BJ9373,10.255388,13.745288,up_right
BJ9375,10.142934,13.340837,up_right
BJ9376,10.11428,12.152927,up_right
BJ9379,9.769864,14.949141,up_right
BJ9380,0.9391331,7.483846,up_left
BJ9381,10.244504,13.934963,up_right
BJ9384,4.7975225,10.48954,down_left
BJ9385,10.208415,13.723467,up_right
BJ9386,3.8827293,8.069245,down_left
BJ9387,4.9480968,10.4117,down_left
BJ9389,0.6982643,8.572849,up_left
BJ9391,7.0321627,11.713853,down_right
BJ9392,6.776309,14.630205,down_right
BJ9393,7.0275865,12.769216,down_right
BJ9396,0.8704483,7.9952106,up_left
BJ9399,4.349199,9.759042,down_left
BJ9401,3.9303944,7.73851,down_left
BJ9402,9.80097,11.570665,up_right
BJ9403,4.044875,8.31589,down_left
BJ9405,7.0482144,13.409397,down_right
BJ9406,3.9005604,9.518992,down_left
BJ9410,1.266451,9.081681,up_left
BJ9412,3.878423,7.6429434,down_left
BJ9417,8.237732,14.579469,down_right
BJ9418,6.7440705,14.265138,down_right
BJ9419,1.3255149,8.390132,up_left
BJ9420,1.4695817,8.650209,up_left
BJ9421,10.057592,11.973569,up_right
BJ9422,7.120105,11.938993,down_right
BJ9424,1.3575445,9.777939,up_left
BJ9425,2.1453109,9.085436,up_left
BJ9426,10.282078,13.901036,up_right
BJ9427,3.521362,10.748698,down_left
BJ9428,9.897416,14.6150675,up_right
BJ9430,7.790259,13.541498,down_right
BJ9431,7.2869854,11.80556,down_right
BJ9432,4.3537507,8.819942,down_left
BJ9433,7.196703,13.487631,down_right
BJ9434,7.1212792,11.519779,down_right
BJ9435,0.9012011,7.431758,up_left
BJ9437,1.1127089,7.3562503,up_left
BJ9439,7.430712,12.768571,down_right
BJ9440,6.824795,13.720736,down_right
BJ9442,3.9230895,10.735466,down_left
BJ9445,7.2871428,12.062429,down_right
BJ9446,4.137225,8.637454,down_left
BJ9447,3.993953,8.254658,down_left
BJ9448,2.239108,9.046339,up_left
BJ9452,2.474001,10.282726,up_left
BJ9454,10.72021,12.693559,up_right
BJ9455,3.920786,8.087259,down_left
BJ9456,3.8449044,9.102805,down_left
BJ9457,1.2841425,9.183692,up_left
BJ9461,0.6108441,8.927475,up_left
BJ9464,9.657082,13.723119,up_right
BJ9467,4.2245555,8.801064,down_left
BJ9471,0.8163964,9.965763,up_left
BJ9473,6.40492,13.1219425,down_right
BJ9474,10.747235,12.349022,up_right
BJ9475,6.8538113,14.216398,down_right
BJ9476,7.4976363,13.643384,down_right
BJ9478,9.924016,12.976699,up_right
BJ9479,4.2705646,8.336852,down_left
BJ9480,9.792471,14.38184,up_right
BJ9481,0.88692576,7.846165,up_left
BJ9482,1.0219696,7.323799,up_left
BJ9483,3.0092158,10.828993,down_left
BJ9484,4.24158,10.829189,up_left
BJ9486,7.283297,14.503924,down_right
BJ9487,10.553267,12.239479,up_right
BJ9488,8.297791,13.747093,down_right
BJ9489,3.375978,9.09629,down_left
BJ9490,3.3783607,10.892593,down_left
BJ9491,1.7964898,9.7492075,up_left
BJ9492,0.7244939,8.267327,up_left
BJ9494,2.8513258,10.708134,down_left
BJ9495,9.689043,13.548,up_right
BJ9496,0.9613588,7.455847,up_left
BJ9498,6.620066,13.887019,down_right
BJ9499,4.5209312,11.124023,down_left
BJ9500,8.966521,14.092325,up_right
BJ9502,1.6570805,11.158062,up_left
BJ9503,6.9475894,14.110762,down_right
BJ9504,4.686994,12.742448,down_left
BJ9505,1.3809454,11.692506,up_left
BJ9506,1.3967106,9.697071,up_left
BJ9507,6.41139,13.713757,down_right
